"Angle, Ch 1+2 (rad) Run #1","Angle, Ch 3+4 (rad) Run #1","Angle, Ch 1+2 (rad) Run #2","Angle, Ch 3+4 (rad) Run #2","Angle, Ch 1+2 (rad) Run #3","Angle, Ch 3+4 (rad) Run #3","Angle, Ch 1+2 (rad) Run #4","Angle, Ch 3+4 (rad) Run #4","Angle, Ch 1+2 (rad) Run #5","Angle, Ch 3+4 (rad) Run #5","Angle, Ch 1+2 (rad) Run #6","Angle, Ch 3+4 (rad) Run #6","Angle, Ch 1+2 (rad) Run #7","Angle, Ch 3+4 (rad) Run #7","Angle, Ch 1+2 (rad) Run #8","Angle, Ch 3+4 (rad) Run #8","Angle, Ch 1+2 (rad) Run #9","Angle, Ch 3+4 (rad) Run #9","Angle, Ch 1+2 (rad) Run #10","Angle, Ch 3+4 (rad) Run #10","Time","mean_Ch1_Ch2","sd_Ch1_Ch2","mean_Ch3_Ch4","sd_Ch3_Ch4"
-0.052,0,-0.175,0,-0.157,0,0,0,-0.087,0,-0.122,0,0,0.017,0,0,0,0,0,0,0,-0.0593,0.0709194378620323,0.0017,0.00537587202228625
-0.157,0,-0.332,0,-0.297,0,-0.017,0,-0.209,0,-0.244,0,0,0.017,-0.017,0,0,0,0,0,0.05,-0.1273,0.135328448187692,0.0017,0.00537587202228625
-0.314,0,-0.436,0,-0.436,0,-0.035,0,-0.349,0,-0.401,0,0,0.017,0,0,0,0,0,0,0.1,-0.1971,0.203887468962661,0.0017,0.00537587202228625
-0.489,0,-0.506,0,-0.628,0,-0.07,0,-0.541,0,-0.541,0,0,0.017,0,0,0,0,0,0,0.15,-0.2775,0.280820326108271,0.0017,0.00537587202228625
-0.646,0,-0.576,0,-0.838,-0.017,-0.122,0,-0.733,0,-0.646,0,0,0.017,0,0,0.017,0,0,0,0.2,-0.3544,0.359802476676054,0,0.00801387685344754
-0.785,0,-0.628,0,-1.065,-0.017,-0.209,0,-0.942,0,-0.785,0,0,0.017,-0.052,0,0.017,0,0,0,0.25,-0.4449,0.43662046829407,0,0.00801387685344754
-0.925,0,-0.681,0,-1.292,-0.017,-0.332,0,-1.065,0,-0.942,-0.017,0,0.017,-0.227,0,0,0,0,0,0.3,-0.5464,0.49288971044917,-0.0017,0.0096499856073583
-1.047,0,-0.785,-0.017,-1.466,-0.017,-0.471,0,-1.239,0,-1.117,-0.017,0,0.017,-0.419,0,-0.035,0,0,0,0.35,-0.6579,0.549211849431124,-0.0034,0.0107517440445725
-1.134,-0.017,-0.89,-0.017,-1.623,-0.017,-0.681,0,-1.431,-0.017,-1.292,-0.017,0,0.017,-0.628,0,-0.087,0,0,0,0.4,-0.7766,0.602204136669803,-0.0068,0.0118865002792617
-1.222,-0.017,-1.047,-0.017,-1.763,-0.017,-0.89,0,-1.676,-0.017,-1.501,-0.017,0,0.017,-0.855,0,-0.175,0,0.017,0,0.45,-0.9112,0.667568023999552,-0.0068,0.0118865002792617
-1.344,-0.017,-1.222,-0.017,-1.833,-0.017,-1.082,0,-1.92,-0.017,-1.658,-0.017,0,0.017,-1.117,0,-0.349,0,0.017,0,0.5,-1.0508,0.714420479985157,-0.0068,0.0118865002792617
-1.466,-0.017,-1.379,-0.017,-1.902,-0.017,-1.239,0,-2.147,-0.017,-1.78,-0.017,0,0.017,-1.379,0,-0.628,0,0,0,0.55,-1.192,0.750475108773695,-0.0068,0.0118865002792617
-1.588,-0.017,-1.518,-0.017,-1.99,-0.017,-1.396,0,-2.321,-0.017,-1.885,-0.017,0,0.017,-1.641,-0.017,-0.977,0,0,0,0.6,-1.3316,0.788181761327227,-0.0085,0.0120208152801713
-1.693,-0.017,-1.676,-0.017,-2.042,-0.017,-1.571,-0.017,-2.374,-0.017,-1.955,-0.017,0,0.017,-1.902,-0.017,-1.292,0,-0.017,0,0.65,-1.4522,0.814400911372553,-0.0102,0.0118865002792617
-1.798,-0.017,-1.78,-0.017,-2.025,-0.017,-1.745,-0.017,-2.304,-0.017,-2.007,-0.017,0.017,0.017,-2.217,-0.017,-1.588,0,-0.017,0,0.7,-1.5464,0.843748277364497,-0.0102,0.0118865002792617
-1.885,-0.017,-1.85,-0.017,-1.885,-0.017,-1.937,-0.017,-2.112,-0.017,-2.042,-0.017,0.017,0.017,-2.548,-0.017,-1.99,-0.017,-0.035,0,0.75,-1.6267,0.875824443342132,-0.0119,0.0114741254810794
-1.99,-0.017,-1.868,-0.017,-1.623,-0.017,-2.129,-0.017,-1.85,-0.017,-2.059,-0.017,0.017,0.017,-3.002,-0.017,-2.461,-0.017,-0.07,0,0.8,-1.7035,0.962223495636827,-0.0119,0.0114741254810794
-2.059,-0.017,-1.78,-0.017,-1.292,-0.017,-2.217,-0.017,-1.484,-0.017,-2.042,-0.017,0.017,0.017,-3.508,-0.017,-3.054,-0.017,-0.192,0,0.85,-1.7611,1.10652885186063,-0.0119,0.0114741254810794
-2.112,-0.017,-1.588,-0.017,-0.873,-0.017,-2.286,-0.017,-1.047,-0.017,-1.937,-0.017,-0.017,0.017,-3.857,-0.017,-3.578,-0.017,-0.401,0,0.9,-1.7696,1.26241269885177,-0.0119,0.0114741254810794
-2.164,-0.017,-1.326,-0.017,-0.384,-0.017,-2.356,-0.017,-0.576,-0.017,-1.71,-0.017,-0.14,0.017,-4.014,-0.017,-3.91,-0.017,-0.733,0,0.95,-1.7313,1.38958139580075,-0.0119,0.0114741254810794
-2.182,-0.017,-0.977,-0.017,0.122,-0.017,-2.391,-0.017,-0.087,0,-1.379,-0.017,-0.332,0.017,-3.962,-0.017,-4.049,-0.017,-1.117,0,1,-1.6354,1.49298561427913,-0.0102,0.0118865002792617
-2.234,-0.017,-0.576,-0.017,0.646,0,-2.409,-0.017,0.419,0,-0.977,-0.017,-0.559,0.017,-3.718,-0.017,-3.979,-0.017,-1.518,0,1.05,-1.4905,1.58920268268924,-0.0085,0.0120208152801713
-2.269,-0.017,-0.14,-0.017,1.152,0,-2.374,-0.017,0.89,0,-0.524,-0.017,-0.855,0.017,-3.316,-0.017,-3.735,-0.017,-2.007,-0.017,1.1,-1.3178,1.6844650848926,-0.0102,0.0118865002792617
-2.164,-0.017,0.314,0,1.623,0,-2.217,-0.017,1.309,0,-0.017,0,-1.152,0.017,-2.74,-0.017,-3.299,-0.017,-2.531,-0.017,1.15,-1.0874,1.77464107169121,-0.0068,0.0118865002792617
-1.972,-0.017,0.768,0,2.025,0,-1.972,-0.017,1.658,0,0.489,0,-1.361,0,-2.059,-0.017,-2.705,-0.017,-3.194,-0.017,1.2,-0.8323,1.88971873568529,-0.0085,0.00895978670381041
-1.658,-0.017,1.204,0,2.339,0,-1.623,-0.017,1.902,0,0.995,0,-1.518,0,-1.292,-0.017,-2.007,-0.017,-3.752,-0.017,1.25,-0.541,2.00176560954462,-0.0085,0.00895978670381041
-1.274,-0.017,1.571,0,2.548,0,-1.204,-0.017,2.042,0,1.466,0,-1.71,0,-0.454,-0.017,-1.204,-0.017,-4.119,-0.017,1.3,-0.2338,2.09102116467316,-0.0085,0.00895978670381041
-0.82,-0.017,1.885,0,2.653,0,-0.75,-0.017,2.059,0,1.868,0,-1.885,0,0.384,0,-0.367,0,-4.276,-0.017,1.35,0.0751000000000001,2.1504155903246,-0.0051,0.00821178015617401
-0.332,-0.017,2.094,0,2.653,0,-0.244,-0.017,1.972,0,2.199,0,-2.094,0,1.187,0,0.489,0,-4.224,-0.017,1.4,0.37,2.18132202523556,-0.0051,0.00821178015617401
0.192,0,2.234,0,2.531,0,0.262,0,1.798,0,2.426,0,-2.286,0,1.92,0,1.309,0,-3.962,-0.017,1.45,0.6424,2.18115281445386,-0.0017,0.00537587202228625
0.698,0,2.251,0,2.304,0,0.733,0,1.518,0,2.548,0,-2.443,0,2.566,0,2.059,0,-3.526,-0.017,1.5,0.8708,2.15608631037298,-0.0017,0.00537587202228625
1.169,0,2.182,0,1.99,0,1.169,0,1.187,0,2.548,0,-2.635,0,3.054,0,2.688,0,-2.915,-0.017,1.55,1.0437,2.12014758658186,-0.0017,0.00537587202228625
1.606,0,2.007,0,1.606,0,1.536,0,0.803,0,2.443,0,-2.897,0,3.386,0,3.194,0,-2.182,-0.017,1.6,1.1502,2.10157717493844,-0.0017,0.00537587202228625
1.937,0,1.763,0,1.187,0,1.833,0,0.384,0,2.234,0,-3.246,0,3.526,0,3.508,0,-1.344,-0.017,1.65,1.1782,2.10732182850387,-0.0017,0.00537587202228625
2.164,0,1.449,0,0.716,0,2.007,0,-0.035,0,1.937,0,-3.63,0,3.491,0,3.648,0,-0.454,0,1.7,1.1293,2.13960567758537,0,0
2.286,0,1.082,0,0.244,0,2.094,0,-0.454,0,1.571,0,-3.875,0,3.281,0,3.613,0,0.454,0,1.75,1.0296,2.15908309757226,0,0
2.304,0,0.681,0,-0.227,0,2.059,0,-0.855,0,1.152,0,-3.927,0,2.915,0,3.386,0,1.326,0,1.8,0.8814,2.14720703343773,0,0
2.199,0,0.279,0,-0.646,0,1.937,0,-1.204,0,0.698,0,-3.805,0,2.391,0,2.985,0,2.112,0,1.85,0.6946,2.10186505539987,0,0
1.99,0,-0.122,0,-1.012,0,1.71,0,-1.484,-0.017,0.227,0,-3.491,0,1.745,0,2.443,0,2.793,0,1.9,0.4799,2.02416448881453,-0.0017,0.00537587202228625
1.71,0,-0.506,0,-1.309,-0.017,1.396,0,-1.693,-0.017,-0.227,0,-3.019,0,1.03,0,1.78,0,3.334,0,1.95,0.2496,1.93208081266459,-0.0034,0.00716782936304833
1.344,0,-0.838,-0.017,-1.501,-0.017,1.03,0,-1.798,-0.017,-0.646,0,-2.409,0,0.262,0,1.047,0,3.683,0,2,0.0174,1.82580869145094,-0.0051,0.00821178015617401
0.942,0,-1.117,-0.017,-1.606,-0.017,0.611,0,-1.833,-0.017,-1.012,0,-1.693,0,-0.524,0,0.244,0,3.857,0,2.05,-0.2131,1.7350740265988,-0.0051,0.00821178015617401
0.506,0,-1.309,-0.017,-1.588,-0.017,0.175,0,-1.763,-0.017,-1.309,0,-0.89,0,-1.274,0,-0.559,0,3.822,0,2.1,-0.4189,1.66413490705799,-0.0051,0.00821178015617401
0.052,0,-1.431,-0.017,-1.484,-0.017,-0.279,0,-1.606,-0.017,-1.518,-0.017,-0.07,0.017,-1.972,-0.017,-1.326,0,3.595,0,2.15,-0.6039,1.63785614956463,-0.0068,0.0118865002792617
-0.384,0,-1.466,-0.017,-1.274,-0.017,-0.698,0,-1.379,-0.017,-1.641,-0.017,0.75,0.017,-2.548,-0.017,-2.025,-0.017,3.194,0,2.2,-0.7471,1.65921316358755,-0.0085,0.0120208152801713
-0.785,0,-1.396,-0.017,-1.012,-0.017,-1.082,0,-1.1,-0.017,-1.641,-0.017,1.518,0.017,-3.002,-0.017,-2.618,-0.017,2.635,0,2.25,-0.8483,1.71853096503315,-0.0085,0.0120208152801713
-1.134,-0.017,-1.257,-0.017,-0.663,-0.017,-1.431,0,-0.75,-0.017,-1.536,-0.017,2.199,0.017,-3.299,-0.017,-3.072,-0.017,1.955,0,2.3,-0.8988,1.80046066944608,-0.0102,0.0118865002792617
-1.414,-0.017,-1.047,-0.017,-0.279,-0.017,-1.693,0,-0.384,-0.017,-1.361,-0.017,2.775,0.017,-3.421,-0.017,-3.368,-0.017,1.169,0,2.35,-0.9023,1.88596777691337,-0.0102,0.0118865002792617
-1.623,-0.017,-0.785,-0.017,0.14,-0.017,-1.868,-0.017,0,0,-1.1,-0.017,3.176,0.017,-3.368,-0.017,-3.508,-0.017,0.349,0,2.4,-0.8587,1.95658393067555,-0.0102,0.0118865002792617
-1.728,-0.017,-0.454,-0.017,0.576,0,-1.955,-0.017,0.384,0,-0.768,-0.017,3.438,0.017,-3.159,-0.017,-3.438,-0.017,-0.506,0,2.45,-0.761,2.00463285638266,-0.0085,0.0120208152801713
-1.728,-0.017,-0.105,-0.017,0.995,0,-1.937,-0.017,0.733,0,-0.384,-0.017,3.508,0.017,-2.793,-0.017,-3.211,-0.017,-1.326,0,2.5,-0.6248,2.0192327365721,-0.0085,0.0120208152801713
-1.623,-0.017,0.262,0,1.379,0,-1.815,-0.017,1.065,0,0.035,0,3.386,0.017,-2.304,-0.017,-2.845,-0.017,-2.059,-0.017,2.55,-0.4519,2.00274453077659,-0.0068,0.0118865002792617
-1.449,-0.017,0.628,0,1.71,0,-1.641,-0.017,1.326,0,0.454,0,3.124,0.017,-1.71,-0.017,-2.321,-0.017,-2.705,-0.017,2.6,-0.2584,1.96624838489727,-0.0068,0.0118865002792617
-1.204,-0.017,0.977,0,1.972,0,-1.379,-0.017,1.518,0,0.873,0,2.688,0.017,-1.047,-0.017,-1.71,-0.017,-3.194,-0.017,2.65,-0.0506,1.90562641785961,-0.0068,0.0118865002792617
-0.89,-0.017,1.292,0,2.164,0,-1.047,-0.017,1.641,0,1.257,0,2.129,0.017,-0.332,-0.017,-1.03,-0.017,-3.526,-0.017,2.7,0.1658,1.83711560151596,-0.0068,0.0118865002792617
-0.524,-0.017,1.536,0,2.251,0,-0.681,-0.017,1.658,0,1.588,0,1.466,0.017,0.384,0,-0.297,-0.017,-3.665,-0.017,2.75,0.3716,1.75978289064936,-0.0051,0.0114741254810794
-0.122,0,1.745,0,2.251,0,-0.297,0,1.606,0,1.868,0,0.733,0.017,1.065,0,0.454,0,-3.63,-0.017,2.8,0.5673,1.70359150359208,0,0.00801387685344754
0.279,0,1.85,0,2.164,0,0.105,0,1.466,0,2.059,0,-0.035,0.017,1.676,0,1.152,0,-3.403,-0.017,2.85,0.7313,1.66508645421191,0,0.00801387685344754
0.663,0,1.885,0,1.99,0,0.506,0,1.257,0,2.164,0,-0.803,0.017,2.217,0,1.798,0,-3.037,-0.017,2.9,0.864,1.66743269062885,0,0.00801387685344754
1.03,0,1.85,0,1.745,0,0.855,0,0.995,0,2.164,0,-1.501,0.017,2.635,0,2.339,0,-2.531,-0.017,2.95,0.9581,1.69397372733136,0,0.00801387685344754
1.361,0,1.71,0,1.431,0,1.169,0,0.698,0,2.094,0,-2.147,0,2.897,0,2.758,0,-1.902,-0.017,3,1.0069,1.73687755917208,-0.0017,0.00537587202228625
1.606,0,1.536,0,1.082,0,1.414,0,0.384,0,1.92,0,-2.67,0,2.967,0,3.019,0,-1.187,-0.017,3.05,1.0071,1.77185787303108,-0.0017,0.00537587202228625
1.798,0,1.292,0,0.716,0,1.588,0,0.052,0,1.693,0,-3.054,0,2.862,0,3.107,0,-0.436,-0.017,3.1,0.9618,1.79246365529557,-0.0017,0.00537587202228625
1.885,0,0.995,0,0.332,0,1.676,0,-0.279,0,1.396,0,-3.281,0,2.583,0,3.019,0,0.349,0,3.15,0.8675,1.78377117678,0,0
1.902,0,0.698,0,-0.052,0,1.676,0,-0.593,0,1.065,0,-3.351,0,2.182,0,2.793,0,1.082,0,3.2,0.7402,1.76021777693052,0,0
1.833,0,0.367,0,-0.384,0,1.571,0,-0.873,0,0.698,0,-3.229,0,1.658,0,2.409,0,1.763,0,3.25,0.5813,1.7018671478376,0,0
1.658,0,0.052,0,-0.698,0,1.396,0,-1.1,0,0.332,0,-2.967,0,1.065,0,1.937,0,2.356,0,3.3,0.4031,1.63717354337013,0,0
1.431,0,-0.244,0,-0.942,-0.017,1.169,0,-1.274,0,-0.035,0,-2.548,0,0.419,0,1.361,0,2.81,0,3.35,0.2147,1.56136863395904,-0.0017,0.00537587202228625
1.152,0,-0.506,0,-1.117,-0.017,0.873,0,-1.361,0,-0.384,0,-2.025,0,-0.244,0,0.716,0,3.107,0,3.4,0.0211,1.48752400167377,-0.0017,0.00537587202228625
0.82,0,-0.733,0,-1.204,-0.017,0.541,0,-1.396,0,-0.681,0,-1.414,0,-0.89,0,0.035,0,3.246,0,3.45,-0.1676,1.43034193270156,-0.0017,0.00537587202228625
0.471,0,-0.908,0,-1.204,-0.017,0.192,0,-1.361,0,-0.925,0,-0.733,0,-1.501,0,-0.628,0,3.194,0,3.5,-0.3403,1.39319776453708,-0.0017,0.00537587202228625
0.122,0,-1.012,0,-1.134,-0.017,-0.157,0,-1.257,-0.017,-1.1,0,-0.035,0,-2.025,0,-1.257,0,3.002,0,3.55,-0.4853,1.39357350800818,-0.0034,0.00716782936304833
-0.244,0,-1.047,0,-0.995,-0.017,-0.506,0,-1.082,-0.017,-1.187,0,0.663,0.017,-2.443,-0.017,-1.833,0,2.653,0,3.6,-0.6021,1.42057777369319,-0.0034,0.0107517440445725
-0.559,0,-1.012,-0.017,-0.785,-0.017,-0.82,0,-0.873,-0.017,-1.222,0,1.326,0.017,-2.758,-0.017,-2.304,-0.017,2.182,0,3.65,-0.6825,1.4778731151369,-0.0068,0.0118865002792617
-0.855,0,-0.908,-0.017,-0.506,-0.017,-1.1,0,-0.611,-0.017,-1.152,-0.017,1.902,0.017,-2.915,-0.017,-2.653,-0.017,1.606,0,3.7,-0.7192,1.53774501570752,-0.0085,0.0120208152801713
-1.082,0,-0.75,-0.017,-0.209,-0.017,-1.326,0,-0.332,0,-1.012,-0.017,2.374,0.017,-2.915,-0.017,-2.862,-0.017,0.942,0,3.75,-0.7172,1.58945481918242,-0.0068,0.0118865002792617
-1.257,0,-0.541,-0.017,0.122,0,-1.484,0,-0.035,0,-0.82,-0.017,2.74,0.017,-2.793,-0.017,-2.932,-0.017,0.244,0,3.8,-0.6756,1.63855459340101,-0.0051,0.0114741254810794
-1.344,0,-0.297,0,0.471,0,-1.553,0,0.262,0,-0.576,0,2.932,0.017,-2.531,-0.017,-2.862,-0.017,-0.454,0,3.85,-0.5952,1.65950895012819,-0.0017,0.0096499856073583
-1.344,-0.017,-0.035,0,0.803,0,-1.553,-0.017,0.524,0,-0.279,0,2.95,0.017,-2.164,-0.017,-2.653,-0.017,-1.134,0,3.9,-0.4885,1.65126330426132,-0.0051,0.0114741254810794
-1.274,-0.017,0.244,0,1.134,0,-1.484,-0.017,0.785,0,0.035,0,2.775,0.017,-1.71,-0.017,-2.321,-0.017,-1.745,0,3.95,-0.3561,1.61853819163397,-0.0051,0.0114741254810794
-1.134,-0.017,0.524,0,1.414,0,-1.326,-0.017,0.995,0,0.367,0,2.461,0.017,-1.169,-0.017,-1.868,-0.017,-2.269,-0.017,4,-0.2005,1.56708443011572,-0.0068,0.0118865002792617
-0.942,-0.017,0.785,0,1.641,0,-1.117,-0.017,1.152,0,0.698,0,2.042,0.017,-0.576,-0.017,-1.344,-0.017,-2.688,-0.017,4.05,-0.0349,1.5194848140077,-0.0068,0.0118865002792617
-0.681,-0.017,1.03,0,1.798,0,-0.873,-0.017,1.239,0,0.995,0,1.501,0.017,0.035,0,-0.768,-0.017,-2.95,-0.017,4.1,0.1326,1.46876601267867,-0.0051,0.0114741254810794
-0.401,-0.017,1.222,0,1.902,0,-0.576,0,1.274,0,1.257,0,0.908,0.017,0.628,0,-0.157,0,-3.072,-0.017,4.15,0.2985,1.4374455931733,-0.0017,0.0096499856073583
-0.087,-0.017,1.379,0,1.902,0,-0.262,0,1.257,0,1.466,0,0.262,0.017,1.187,0,0.454,0,-3.019,-0.017,4.2,0.4539,1.41666670196078,-0.0017,0.0096499856073583
0.244,0,1.484,0,1.85,0,0.052,0,1.152,0,1.588,0,-0.384,0.017,1.676,0,1.047,0,-2.827,-0.017,4.25,0.5882,1.41894411447386,0,0.00801387685344754
0.559,0,1.501,0,1.71,0,0.367,0,1.012,0,1.641,0,-1.012,0.017,2.059,0,1.571,0,-2.513,-0.017,4.3,0.6895,1.43890500419976,0,0.00801387685344754
0.855,0,1.484,0,1.518,0,0.646,0,0.838,0,1.623,0,-1.588,0.017,2.356,0,2.007,0,-2.077,-0.017,4.35,0.7662,1.47328535366823,0,0.00801387685344754
1.117,0,1.396,0,1.292,0,0.908,0,0.628,0,1.536,0,-2.077,0.017,2.513,0,2.339,0,-1.553,-0.017,4.4,0.8099,1.50541101438186,0,0.00801387685344754
1.326,0,1.257,0,1.03,0,1.1,0,0.384,0,1.396,0,-2.461,0,2.548,0,2.548,0,-0.942,-0.017,4.45,0.8186,1.52508398311554,-0.0017,0.00537587202228625
1.466,0,1.082,0,0.75,0,1.239,0,0.14,0,1.239,0,-2.723,0,2.426,0,2.635,0,-0.314,0,4.5,0.794,1.52788481241224,0,0
1.553,0,0.89,0,0.471,0,1.326,0,-0.105,0,1.03,0,-2.845,0,2.199,0,2.566,0,0.332,0,4.55,0.7417,1.50476901512787,0,0
1.571,0,0.681,0,0.175,0,1.326,0,-0.332,0,0.82,0,-2.81,0,1.868,0,2.374,0,0.942,0,4.6,0.6615,1.4543524141158,0,0
1.501,0,0.471,0,-0.087,0,1.257,0,-0.541,0,0.593,0,-2.653,0,1.431,0,2.059,0,1.518,0,4.65,0.5549,1.38474325337868,0,0
1.379,0,0.244,0,-0.332,0,1.134,0,-0.716,0,0.349,0,-2.356,0,0.942,0,1.658,0,1.99,0,4.7,0.4292,1.30370632344013,0,0
1.204,0,0.017,0,-0.541,0,0.942,0,-0.855,0,0.14,0,-1.972,0,0.401,0,1.169,0,2.374,0,4.75,0.2879,1.22944128683633,0,0
0.995,0,-0.175,0,-0.681,0,0.733,0,-0.942,0,-0.07,0,-1.484,0,-0.157,0,0.646,0,2.635,0,4.8,0.15,1.16792360861298,0,0
0.75,0,-0.349,0,-0.785,0,0.489,0,-0.995,0,-0.244,0,-0.942,0,-0.698,0,0.087,0,2.74,0,4.85,0.00530000000000003,1.12933924142492,0,0
0.471,0,-0.489,0,-0.803,0,0.227,0,-0.977,0,-0.401,0,-0.349,0,-1.222,0,-0.489,0,2.705,0,4.9,-0.1327,1.11891654440058,0,0
0.209,0,-0.576,0,-0.768,0,-0.052,0,-0.925,0,-0.506,0,0.244,0.017,-1.676,-0.017,-1.012,0,2.513,0,4.95,-0.2549,1.13713728771469,0,0.00801387685344754
-0.052,0,-0.628,0,-0.681,0,-0.314,0,-0.82,0,-0.559,0,0.82,0.017,-2.042,-0.017,-1.501,0,2.199,0,5,-0.3578,1.18297570182617,0,0.00801387685344754
-0.314,0,-0.628,0,-0.524,0,-0.559,0,-0.681,0,-0.576,0,1.344,0.017,-2.304,-0.017,-1.902,0,1.798,0,5.05,-0.4346,1.2450775254756,0,0.00801387685344754
-0.524,0,-0.576,0,-0.332,0,-0.785,0,-0.506,0,-0.524,0,1.798,0.017,-2.443,-0.017,-2.199,-0.017,1.309,0,5.1,-0.4782,1.30498171975277,-0.0017,0.0096499856073583
-0.716,0,-0.489,0,-0.122,0,-0.96,0,-0.332,0,-0.454,0,2.164,0.017,-2.478,-0.017,-2.391,-0.017,0.75,0,5.15,-0.5028,1.35725554786938,-0.0017,0.0096499856073583
-0.855,0,-0.367,0,0.122,0,-1.1,0,-0.122,0,-0.332,0,2.409,0.017,-2.374,-0.017,-2.461,-0.017,0.175,0,5.2,-0.4905,1.38788834405206,-0.0017,0.0096499856073583
-0.942,0,-0.227,0,0.384,0,-1.169,0,0.07,0,-0.192,0,2.531,0.017,-2.164,-0.017,-2.409,-0.017,-0.419,0,5.25,-0.4537,1.39459018671755,-0.0017,0.0096499856073583
-0.96,0,-0.07,0,0.628,0,-1.187,0,0.262,0,-0.035,0,2.513,0.017,-1.85,-0.017,-2.234,-0.017,-0.995,0,5.3,-0.3928,1.37336786364356,-0.0017,0.0096499856073583
-0.925,0,0.122,0,0.873,0,-1.152,0,0.454,0,0.157,0,2.356,0.017,-1.466,-0.017,-1.955,-0.017,-1.501,-0.017,5.35,-0.3037,1.33512746374436,-0.0034,0.0107517440445725
-0.838,0,0.297,0,1.082,0,-1.047,0,0.593,0,0.332,0,2.094,0.017,-1.012,-0.017,-1.571,-0.017,-1.937,-0.017,5.4,-0.2007,1.27999323348906,-0.0034,0.0107517440445725
-0.698,0,0.471,0,1.274,0,-0.908,0,0.716,0,0.524,0,1.745,0.017,-0.524,0,-1.134,-0.017,-2.269,-0.017,5.45,-0.0803,1.23077455738698,-0.0017,0.0096499856073583
-0.541,0,0.646,0,1.396,0,-0.733,0,0.768,0,0.698,0,1.292,0.017,-0.017,0,-0.663,-0.017,-2.496,-0.017,5.5,0.035,1.18321680177388,-0.0017,0.0096499856073583
-0.332,0,0.785,0,1.484,0,-0.541,0,0.768,0,0.838,0,0.785,0.017,0.489,0,-0.14,0,-2.583,-0.017,5.55,0.1553,1.14596432463377,0,0.00801387685344754
-0.105,0,0.908,0,1.518,0,-0.314,0,0.733,0,0.96,0,0.244,0.017,0.96,0,0.367,0,-2.531,-0.017,5.6,0.274,1.12883046655475,0,0.00801387685344754
0.122,0,0.995,0,1.501,0,-0.087,0,0.663,0,1.047,0,-0.297,0.017,1.379,0,0.855,0,-2.374,-0.017,5.65,0.3804,1.14070964267376,0,0.00801387685344754
0.367,0,1.047,0,1.431,0,0.157,0,0.576,0,1.1,0,-0.838,0.017,1.71,0,1.292,0,-2.077,-0.017,5.7,0.4765,1.16352426799883,0,0.00801387685344754
0.576,0,1.047,0,1.309,0,0.367,0,0.471,0,1.117,0,-1.309,0.017,1.955,0,1.676,0,-1.71,-0.017,5.75,0.5499,1.2014050524282,0,0.00801387685344754
0.768,0,1.012,0,1.152,0,0.559,0,0.349,0,1.082,0,-1.728,0,2.094,0,1.955,0,-1.274,-0.017,5.8,0.5969,1.23823812554595,-0.0017,0.00537587202228625
0.942,0,0.96,0,0.995,0,0.716,0,0.209,0,1.03,0,-2.059,0,2.129,0,2.129,0,-0.768,-0.017,5.85,0.6283,1.26329393518162,-0.0017,0.00537587202228625
1.065,0,0.873,0,0.803,0,0.838,0,0.087,0,0.942,0,-2.286,0,2.059,0,2.199,0,-0.244,0,5.9,0.6336,1.26860660218647,0,0
1.134,0,0.768,0,0.611,0,0.908,0,-0.035,0,0.838,0,-2.391,0,1.868,0,2.147,0,0.279,0,5.95,0.6127,1.2435065160889,0,0
1.169,0,0.646,0,0.419,0,0.925,0,-0.14,0,0.716,0,-2.374,0,1.606,0,2.007,0,0.785,0,6,0.5759,1.19675936966831,0,0
1.134,0,0.506,0,0.227,0,0.89,0,-0.244,0,0.593,0,-2.234,0,1.274,0,1.745,0,1.257,0,6.05,0.5148,1.12474795201216,0,0
1.065,0,0.384,0,0.07,0,0.803,0,-0.314,0,0.454,0,-1.99,0,0.873,0,1.431,0,1.658,0,6.1,0.4434,1.04291367491913,0,0
0.96,0,0.244,0,-0.087,0,0.681,0,-0.367,0,0.314,0,-1.658,0,0.436,0,1.03,0,1.955,0,6.15,0.3508,0.959000034758428,0,0
0.82,0,0.122,0,-0.192,0,0.541,0,-0.384,0,0.192,0,-1.239,0,-0.035,0,0.576,0,2.164,0,6.2,0.2565,0.887834099868263,0,0
0.663,0,0.017,0,-0.279,0,0.384,0,-0.384,0,0.087,0,-0.785,0,-0.471,0,0.122,0,2.251,0,6.25,0.1605,0.848693669379267,0,0
0.489,0,-0.07,0,-0.314,0,0.209,0,-0.367,0,-0.017,0,-0.297,0.017,-0.908,0,-0.349,0,2.234,0,6.3,0.061,0.850444067009178,0.0017,0.00537587202228625
0.332,0,-0.122,0,-0.314,0,0.035,0,-0.314,0,-0.087,0,0.209,0.017,-1.292,0,-0.785,0,2.094,0,6.35,-0.0244,0.884379657035245,0.0017,0.00537587202228625
0.157,0,-0.157,0,-0.262,0,-0.157,0,-0.244,0,-0.122,0,0.698,0.017,-1.606,0,-1.187,0,1.868,0,6.4,-0.1012,0.947477915309903,0.0017,0.00537587202228625
-0.017,0,-0.157,0,-0.192,0,-0.314,0,-0.175,0,-0.14,0,1.134,0.017,-1.833,-0.017,-1.536,0,1.571,0,6.45,-0.1659,1.02244678753143,0,0.00801387685344754
-0.175,0,-0.14,0,-0.087,0,-0.471,0,-0.105,0,-0.122,0,1.501,0.017,-1.99,-0.017,-1.798,-0.017,1.187,0,6.5,-0.22,1.08915961487133,-0.0017,0.0096499856073583
-0.297,0,-0.087,0,0.035,0,-0.593,0,-0.017,0,-0.087,0,1.798,0.017,-2.025,-0.017,-1.955,-0.017,0.75,0,6.55,-0.2478,1.13335370569925,-0.0017,0.0096499856073583
-0.401,0,-0.035,0,0.175,0,-0.681,0,0.052,0,-0.017,0,1.972,0.017,-1.955,-0.017,-2.025,-0.017,0.279,0,6.6,-0.2636,1.14764640315154,-0.0017,0.0096499856073583
-0.471,0,0.052,0,0.314,0,-0.733,0,0.105,0,0.052,0,2.042,0.017,-1.815,-0.017,-1.99,-0.017,-0.192,0,6.65,-0.2636,1.13726095901024,-0.0017,0.0096499856073583
-0.489,0,0.14,0,0.471,0,-0.733,0,0.157,0,0.14,0,1.99,0.017,-1.571,-0.017,-1.868,-0.017,-0.646,0,6.7,-0.2409,1.09628934238285,-0.0017,0.0096499856073583
-0.489,0,0.227,0,0.611,0,-0.716,0,0.175,0,0.244,0,1.85,0.017,-1.274,-0.017,-1.658,-0.017,-1.082,0,6.75,-0.2112,1.04275263925183,-0.0017,0.0096499856073583
-0.454,0,0.314,0,0.75,0,-0.646,0,0.192,0,0.332,0,1.623,0.017,-0.925,-0.017,-1.361,-0.017,-1.449,0,6.8,-0.1624,0.978068073068309,-0.0017,0.0096499856073583
-0.384,0,0.384,0,0.855,0,-0.559,0,0.192,0,0.419,0,1.326,0.017,-0.541,0,-1.03,-0.017,-1.745,-0.017,6.85,-0.1083,0.918358202930038,-0.0017,0.0096499856073583
-0.297,0,0.454,0,0.942,0,-0.454,0,0.175,0,0.489,0,0.977,0.017,-0.122,0,-0.628,-0.017,-1.955,-0.017,6.9,-0.0419,0.870875479043933,-0.0017,0.0096499856073583
-0.175,0,0.506,0,0.995,0,-0.332,0,0.157,0,0.559,0,0.576,0.017,0.279,0,-0.209,0,-2.059,-0.017,6.95,0.0297,0.84380079929382,0,0.00801387685344754
-0.052,0,0.541,0,0.995,0,-0.192,0,0.122,0,0.593,0,0.175,0.017,0.663,0,0.209,0,-2.059,-0.017,7,0.0995,0.83952106055245,0,0.00801387685344754
0.087,0,0.559,0,0.977,0,-0.052,0,0.087,0,0.628,0,-0.244,0.017,1.012,0,0.611,0,-1.972,-0.017,7.05,0.1693,0.865280693057333,0,0.00801387685344754
0.227,0,0.541,0,0.925,0,0.07,0,0.052,0,0.628,0,-0.646,0.017,1.309,0,0.977,0,-1.78,-0.017,7.1,0.2303,0.902168258512051,0,0.00801387685344754
0.349,0,0.524,0,0.855,0,0.175,0,0.035,0,0.611,0,-1.012,0.017,1.518,0,1.292,0,-1.518,-0.017,7.15,0.2829,0.94482831479822,0,0.00801387685344754
0.471,0,0.489,0,0.785,0,0.262,0,0,0,0.576,0,-1.326,0.017,1.658,0,1.536,0,-1.169,-0.017,7.2,0.3282,0.979430197161141,0,0.00801387685344754
0.559,0,0.454,0,0.681,0,0.332,0,-0.017,0,0.541,0,-1.571,0.017,1.71,0,1.71,0,-0.785,-0.017,7.25,0.3614,1.00066191426808,0,0.00801387685344754
0.646,0,0.401,0,0.576,0,0.349,0,-0.035,0,0.506,0,-1.728,0,1.658,0,1.78,0,-0.367,-0.017,7.3,0.3786,0.994072007228629,-0.0017,0.00537587202228625
0.681,0,0.367,0,0.489,0,0.367,0,-0.035,0,0.454,0,-1.798,0,1.536,0,1.763,0,0.052,0,7.35,0.3876,0.964954598816845,0,0
0.698,0,0.314,0,0.384,0,0.332,0,-0.035,0,0.419,0,-1.78,0,1.326,0,1.658,0,0.471,0,7.4,0.3787,0.911872926088572,0,0
0.698,0,0.279,0,0.297,0,0.297,0,-0.017,0,0.367,0,-1.676,0,1.065,0,1.466,0,0.873,0,7.45,0.3649,0.843234967912925,0,0
0.646,0,0.262,0,0.227,0,0.244,0,0,0,0.332,0,-1.501,0,0.75,0,1.222,0,1.222,0,7.5,0.3404,0.771045206917928,0,0
0.593,0,0.244,0,0.175,0,0.192,0,0,0,0.314,0,-1.257,0,0.401,0,0.908,0,1.501,0,7.55,0.3071,0.703363419577675,0,0
0.524,0,0.244,0,0.14,0,0.122,0,0.017,0,0.297,0,-0.96,0,0.052,0,0.559,0,1.693,0,7.6,0.2688,0.652992564191116,0,0
0.436,0,0.262,0,0.122,0,0.052,0,0.035,0,0.297,0,-0.611,0.017,-0.297,0,0.192,0,1.798,0,7.65,0.2286,0.630201061390552,0.0017,0.00537587202228625
0.332,0,0.279,0,0.14,0,-0.017,0,0.052,0,0.314,0,-0.244,0.017,-0.646,0,-0.175,0,1.815,0,7.7,0.185,0.647105177781102,0.0017,0.00537587202228625
0.227,0,0.297,0,0.175,0,-0.07,0,0.07,0,0.332,0,0.122,0.017,-0.942,0,-0.524,0,1.745,0,7.75,0.1432,0.691791041026439,0.0017,0.00537587202228625
0.14,0,0.314,0,0.209,0,-0.105,0,0.07,0,0.349,0,0.489,0.017,-1.204,0,-0.855,0,1.588,0,7.8,0.0995,0.755873776940745,0.0017,0.00537587202228625
0.052,0,0.332,0,0.262,0,-0.14,0,0.07,0,0.367,0,0.82,0.017,-1.414,0,-1.134,0,1.344,0,7.85,0.0559,0.821489223571706,0.0017,0.00537587202228625
-0.035,0,0.349,0,0.314,0,-0.157,0,0.07,0,0.384,0,1.1,0.017,-1.536,0,-1.361,0,1.065,0,7.9,0.0193,0.878808796041551,0.0017,0.00537587202228625
-0.087,0,0.367,0,0.384,0,-0.175,0,0.052,0,0.384,0,1.344,0.017,-1.588,0,-1.518,0,0.716,0,7.95,-0.0121,0.919788315018431,0.0017,0.00537587202228625
-0.122,0,0.367,0,0.454,0,-0.157,0,0.052,0,0.401,0,1.501,0.017,-1.571,0,-1.588,-0.017,0.367,0,8,-0.0296,0.93764222032358,0,0.00801387685344754
-0.14,0,0.384,0,0.506,0,-0.157,0,0.035,0,0.419,0,1.571,0.017,-1.466,-0.017,-1.588,-0.017,-0.017,0,8.05,-0.0453,0.927555694644083,-0.0017,0.0096499856073583
-0.14,0,0.384,0,0.541,0,-0.122,0,0.035,0,0.419,0,1.571,0.017,-1.309,-0.017,-1.518,-0.017,-0.384,0,8.1,-0.0523,0.897982683574689,-0.0017,0.0096499856073583
-0.105,0,0.367,0,0.559,0,-0.105,0,0.035,0,0.419,0,1.484,0.017,-1.082,-0.017,-1.361,-0.017,-0.716,0,8.15,-0.0505,0.840532932793898,-0.0017,0.0096499856073583
-0.052,0,0.367,0,0.576,0,-0.07,0,0.017,0,0.419,0,1.326,0.017,-0.82,-0.017,-1.152,-0.017,-1.03,0,8.2,-0.0419,0.778248953313355,-0.0017,0.0096499856073583
0,0,0.349,0,0.576,0,-0.035,0,0.017,0,0.419,0,1.1,0.017,-0.524,0,-0.89,-0.017,-1.292,0,8.25,-0.028,0.712487972608037,0,0.00801387685344754
0.052,0,0.349,0,0.576,0,0,0,0.017,0,0.401,0,0.838,0.017,-0.209,0,-0.593,-0.017,-1.466,-0.017,8.3,-0.0035,0.655233503756061,-0.0017,0.0096499856073583
0.122,0,0.332,0,0.559,0,0.017,0,0.017,0,0.401,0,0.524,0.017,0.122,0,-0.279,0,-1.588,-0.017,8.35,0.0227,0.622080746813109,0,0.00801387685344754
0.192,0,0.332,0,0.524,0,0.052,0,0.017,0,0.384,0,0.209,0.017,0.419,0,0.052,0,-1.623,-0.017,8.4,0.0558,0.614369740284934,0,0.00801387685344754
0.244,0,0.314,0,0.506,0,0.07,0,0.035,0,0.384,0,-0.122,0.017,0.698,0,0.367,0,-1.571,-0.017,8.45,0.0925,0.631312961656543,0,0.00801387685344754
0.297,0,0.314,0,0.471,0,0.07,0,0.035,0,0.384,0,-0.436,0.017,0.942,0,0.663,0,-1.449,-0.017,8.5,0.1291,0.667681635711712,0,0.00801387685344754
0.332,0,0.314,0,0.454,0,0.07,0,0.035,0,0.384,0,-0.733,0.017,1.117,0,0.925,0,-1.257,-0.017,8.55,0.1641,0.70866705079952,0,0.00801387685344754
0.349,0,0.314,0,0.436,0,0.052,0,0.052,0,0.384,0,-0.977,0.017,1.257,0,1.134,0,-1.03,-0.017,8.6,0.1971,0.749541111466061,0,0.00801387685344754
0.349,0,0.314,0,0.436,0,0.035,0,0.052,0,0.384,0,-1.187,0.017,1.309,0,1.292,0,-0.733,-0.017,8.65,0.2251,0.773461260970595,0,0.00801387685344754
0.332,0,0.332,0,0.436,0,0.017,0,0.052,0,0.384,0,-1.326,0.017,1.292,0,1.379,0,-0.419,0,8.7,0.2479,0.778259518269952,0.0017,0.00537587202228625
0.314,0,0.332,0,0.436,0,0,0,0.052,0,0.384,0,-1.396,0.017,1.222,0,1.379,0,-0.087,0,8.75,0.2636,0.760521487752538,0.0017,0.00537587202228625
0.279,0,0.332,0,0.454,0,-0.017,0,0.052,0,0.384,0,-1.396,0.017,1.082,0,1.326,0,0.227,0,8.8,0.2723,0.725143824814544,0.0017,0.00537587202228625
0.262,0,0.349,0,0.454,0,-0.035,0,0.052,0,0.401,0,-1.309,0.017,0.89,0,1.187,0,0.541,0,8.85,0.2792,0.665749001751661,0.0017,0.00537587202228625
0.227,0,0.349,0,0.454,0,-0.052,0,0.035,0,0.401,0,-1.169,0.017,0.681,0,1.012,0,0.838,0,8.9,0.2776,0.608300766251549,0.0017,0.00537587202228625
0.192,0,0.349,0,0.471,0,-0.052,0,0.035,0,0.401,0,-0.977,0.017,0.436,0,0.803,0,1.065,0,8.95,0.2723,0.550496957303126,0.0017,0.00537587202228625
0.175,0,0.349,0,0.471,0,-0.052,0,0.035,0,0.401,0,-0.75,0.017,0.175,0,0.559,0,1.257,0,9,0.262,0.509707105437361,0.0017,0.00537587202228625
0.157,0,0.349,0,0.471,0,-0.052,0,0.035,0,0.384,0,-0.471,0.017,-0.087,0,0.297,0,1.361,0,9.05,0.2444,0.482159770661598,0.0017,0.00537587202228625
0.157,0,0.332,0,0.471,0,-0.052,0,0.035,0,0.384,0,-0.192,0.017,-0.349,0,0.017,0,1.414,0,9.1,0.2217,0.491589270744502,0.0017,0.00537587202228625
0.14,0,0.332,0,0.471,0,-0.035,0,0.035,0,0.384,0,0.087,0.017,-0.576,0,-0.244,0,1.379,0,9.15,0.1973,0.517775165706335,0.0017,0.00537587202228625
0.157,0,0.332,0,0.471,0,-0.035,0,0.035,0,0.384,0,0.367,0.017,-0.785,0,-0.506,0,1.274,0,9.2,0.1694,0.562700077996954,0.0017,0.00537587202228625
0.157,0,0.332,0,0.471,0,-0.017,0,0.035,0,0.384,0,0.628,0.017,-0.96,0,-0.733,0,1.117,0,9.25,0.1414,0.615242174540508,0.0017,0.00537587202228625
0.175,0,0.332,0,0.454,0,-0.017,0,NA,NA,0.384,0,0.838,0.017,-1.082,0,-0.908,0,0.908,0,9.3,0.120444444444444,0.696961640104947,0.00188888888888889,0.00566666666666667
0.175,0,0.332,0,0.454,0,0,0,NA,NA,0.384,0,1.012,0.017,-1.152,0,-1.047,0,0.663,0,9.35,0.0912222222222222,0.733702388195953,0.00188888888888889,0.00566666666666667
0.192,0,0.332,0,0.454,0,0,0,NA,NA,0.384,0,1.134,0.017,-1.152,0,-1.152,0,0.384,0,9.4,0.064,0.754272497178573,0.00188888888888889,0.00566666666666667
0.209,0,0.332,0,0.454,0,0.017,0,NA,NA,0.384,0,1.204,0.017,-1.1,0,-1.169,0,0.105,0,9.45,0.0484444444444444,0.751984559534155,0.00188888888888889,0.00566666666666667
0.227,0,0.332,0,0.454,0,0.017,0,NA,NA,0.384,0,1.204,0.017,-1.012,0,-1.134,0,-0.192,0,9.5,0.0311111111111111,0.73344076864537,0.00188888888888889,0.00566666666666667
0.227,0,0.332,0,0.454,0,0,0,NA,NA,NA,NA,1.134,0.017,-0.873,0,-1.065,0,-0.454,0,9.55,-0.030625,0.73180714428637,0.002125,0.00601040764008565
0.227,0,0.332,0,0.454,0,0,0,NA,NA,NA,NA,1.012,0.017,-0.698,0,-0.925,0,-0.698,0,9.6,-0.037,0.677294407392911,0.002125,0.00601040764008565
0.244,0,0.332,0,0.454,0,0,0,NA,NA,NA,NA,0.855,0.017,-0.489,0,-0.768,0,-0.908,0,9.65,-0.035,0.626841287727603,0.002125,0.00601040764008565
0.227,0,0.332,0,0.454,0,-0.017,0,NA,NA,NA,NA,0.663,0.017,-0.279,0,-0.559,0,-1.065,0,9.7,-0.0305,0.576297542197481,0.002125,0.00601040764008565
0.227,0,0.332,0,0.471,0,-0.017,0,NA,NA,NA,NA,0.454,0.017,-0.052,0,-0.349,0,-1.169,0,9.75,-0.012875,0.545073897349184,0.002125,0.00601040764008565
0.227,0,0.332,0,0.471,0,-0.017,0,NA,NA,NA,NA,0.227,0.017,0.157,0,-0.105,0,-1.222,-0.017,9.8,0.00875,0.529657234175354,0,0.00908688222502243
0.209,0,0.332,0,0.471,0,-0.035,0,NA,NA,NA,NA,0,0.017,0.367,0,0.122,0,-1.204,-0.017,9.85,0.03275,0.530172411310024,0,0.00908688222502243
0.209,0,0.332,0,0.471,0,-0.035,0,NA,NA,NA,NA,-0.227,0.017,0.541,0,0.349,0,-1.134,0,9.9,0.06325,0.547322508738156,0.002125,0.00601040764008565
0.209,0,0.332,0,0.471,0,NA,NA,NA,NA,NA,NA,-0.436,0.017,0.698,0,0.541,0,-0.995,0,9.95,0.117142857142857,0.610968473974293,0.00242857142857143,0.00642539604115686
0.209,0,0.332,0,0.471,0,NA,NA,NA,NA,NA,NA,-0.611,0.017,0.803,0,0.716,0,-0.838,0,10,0.154571428571429,0.637904082952617,0.00242857142857143,0.00642539604115686
0.209,0,0.332,0,0.471,0,NA,NA,NA,NA,NA,NA,-0.768,0.017,0.873,0,0.838,0,-0.628,0,10.05,0.189571428571429,0.654823858540818,0.00242857142857143,0.00642539604115686
0.209,0,0.332,0,0.471,0,NA,NA,NA,NA,NA,NA,-0.873,0.017,0.89,0,0.925,0,-0.401,0,10.1,0.221857142857143,0.658515610691052,0.00242857142857143,0.00642539604115686
0.209,0,0.332,0,0.471,0,NA,NA,NA,NA,NA,NA,-0.925,0.017,0.855,0,0.96,0,-0.175,0,10.15,0.246714285714286,0.644016747785779,0.00242857142857143,0.00642539604115686
0.209,0,0.332,0,0.471,0,NA,NA,NA,NA,NA,NA,-0.925,0.017,0.785,0,0.942,0,0.07,0,10.2,0.269142857142857,0.610026619247452,0.00242857142857143,0.00642539604115686
0.209,0,0.332,0,0.471,0,NA,NA,NA,NA,NA,NA,-0.89,0.017,0.681,0,0.89,0,0.297,0,10.25,0.284285714285714,0.569530132151558,0.00242857142857143,0.00642539604115686
0.209,0,0.332,0,0.471,0,NA,NA,NA,NA,NA,NA,-0.803,0.017,0.541,0,0.785,0,0.506,0,10.3,0.291571428571429,0.514846209122316,0.00242857142857143,0.00642539604115686
0.209,0,0.332,0,0.471,0,NA,NA,NA,NA,NA,NA,-0.698,0.017,0.384,0,0.663,0,0.698,0,10.35,0.294142857142857,0.471087192414677,0.00242857142857143,0.00642539604115686
0.227,0,0.332,0,0.471,0,NA,NA,NA,NA,NA,NA,-0.559,0.017,0.227,0,0.506,0,0.838,0,10.4,0.291714285714286,0.430155675031615,0.00242857142857143,0.00642539604115686
0.227,0,0.332,0,0.471,0,NA,NA,NA,NA,NA,NA,-0.384,0.017,0.07,0,0.332,0,0.942,0,10.45,0.284285714285714,0.401623668909803,0.00242857142857143,0.00642539604115686
0.209,0,NA,NA,0.471,0,NA,NA,NA,NA,NA,NA,-0.209,0.017,-0.105,0,0.157,0,0.995,0,10.5,0.253,0.436084395501605,0.00283333333333333,0.00694022093788567
0.209,0,NA,NA,0.471,0,NA,NA,NA,NA,NA,NA,-0.035,0.017,-0.262,0,-0.035,0,0.995,0,10.55,0.223833333333333,0.452997314193657,0.00283333333333333,0.00694022093788567
0.209,0,NA,NA,0.471,0,NA,NA,NA,NA,NA,NA,0.14,0.017,-0.401,0,-0.209,0,0.942,0,10.6,0.192,0.480787687030356,0.00283333333333333,0.00694022093788567
0.209,0,NA,NA,0.471,0,NA,NA,NA,NA,NA,NA,0.314,0.017,-0.524,0,-0.384,0,0.855,0,10.65,0.156833333333333,0.52337268429549,0.00283333333333333,0.00694022093788567
0.209,0,NA,NA,0.471,0,NA,NA,NA,NA,NA,NA,0.454,0.017,-0.611,0,-0.524,0,0.716,0,10.7,0.119166666666667,0.556234992306909,0.00283333333333333,0.00694022093788567
0.209,0,NA,NA,0.471,0,NA,NA,NA,NA,NA,NA,0.576,0.017,-0.663,0,-0.628,0,0.559,0,10.75,0.0873333333333333,0.582746828963201,0.00283333333333333,0.00694022093788567
0.209,0,NA,NA,0.471,0,NA,NA,NA,NA,NA,NA,0.646,0.017,-0.681,0,-0.716,0,0.384,0,10.8,0.0521666666666667,0.598394992180472,0.00283333333333333,0.00694022093788567
0.209,0,NA,NA,0.471,0,NA,NA,NA,NA,NA,NA,0.698,0.017,-0.663,0,-0.75,0,0.209,0,10.85,0.029,0.598903998984812,0.00283333333333333,0.00694022093788567
0.209,0,NA,NA,0.471,0,NA,NA,NA,NA,NA,NA,0.716,0.017,-0.611,0,-0.75,0,0.035,0,10.9,0.0116666666666667,0.585560813807299,0.00283333333333333,0.00694022093788567
0.209,0,NA,NA,0.471,0,NA,NA,NA,NA,NA,NA,0.698,0.017,-0.541,0,-0.698,0,-0.157,0,10.95,-0.00300000000000001,0.558069171339898,0.00283333333333333,0.00694022093788567
0.209,0,NA,NA,0.471,0,NA,NA,NA,NA,NA,NA,0.628,0.017,-0.454,0,-0.628,0,-0.314,0,11,-0.0146666666666667,0.521097175838314,0.00283333333333333,0.00694022093788567
0.209,0,NA,NA,0.471,0,NA,NA,NA,NA,NA,NA,0.541,0.017,-0.349,0,-0.541,0,-0.471,0,11.05,-0.0233333333333333,0.488110506613683,0.00283333333333333,0.00694022093788567
0.209,0,NA,NA,0.471,0,NA,NA,NA,NA,NA,NA,0.436,0.017,-0.244,0,-0.419,0,-0.576,0,11.1,-0.0205,0.451656838761465,0.00283333333333333,0.00694022093788567
0.209,0,NA,NA,0.471,0,NA,NA,NA,NA,NA,NA,0.314,0.017,-0.122,0,-0.279,0,-0.663,0,11.15,-0.0116666666666667,0.423224605459875,0.00283333333333333,0.00694022093788567
0.209,0,NA,NA,0.471,0,NA,NA,NA,NA,NA,NA,0.192,0.017,-0.017,0,-0.14,0,-0.716,0,11.2,-0.000166666666666669,0.408639409096414,0.00283333333333333,0.00694022093788567
0.209,0,NA,NA,0.471,0,NA,NA,NA,NA,NA,NA,0.07,0.017,0.087,0,0,0,-0.716,0,11.25,0.0201666666666667,0.397040761971194,0.00283333333333333,0.00694022093788567
0.209,0,NA,NA,NA,NA,NA,NA,NA,NA,NA,NA,-0.052,0.017,0.175,0,0.14,0,-0.681,0,11.3,-0.0418,0.371360606419152,0.0034,0.00760263112349929
0.209,0,NA,NA,NA,NA,NA,NA,NA,NA,NA,NA,-0.175,0.017,0.244,0,0.262,0,-0.628,0,11.35,-0.0176,0.385785302986,0.0034,0.00760263112349929
0.209,0,NA,NA,NA,NA,NA,NA,NA,NA,NA,NA,-0.262,0.017,0.297,0,0.367,0,-0.541,0,11.4,0.014,0.395892662220456,0.0034,0.00760263112349929
0.209,0,NA,NA,NA,NA,NA,NA,NA,NA,NA,NA,-0.349,0.017,0.314,0,0.454,0,-0.419,0,11.45,0.0418,0.399067287559379,0.0034,0.00760263112349929
0.209,0,NA,NA,NA,NA,NA,NA,NA,NA,NA,NA,-0.401,0.017,0.314,0,0.506,0,-0.297,0,11.5,0.0662,0.395414592548125,0.0034,0.00760263112349929
0.209,0,NA,NA,NA,NA,NA,NA,NA,NA,NA,NA,-0.436,0.017,0.279,0,0.524,0,-0.175,0,11.55,0.0802,0.382314922544229,0.0034,0.00760263112349929
0.209,0,NA,NA,NA,NA,NA,NA,NA,NA,NA,NA,-0.454,0.017,0.244,0,0.506,0,-0.035,0,11.6,0.094,0.361391062424073,0.0034,0.00760263112349929
0.209,0,NA,NA,NA,NA,NA,NA,NA,NA,NA,NA,-0.436,0.017,0.192,0,0.471,0,0.087,0,11.65,0.1046,0.333670945693508,0.0034,0.00760263112349929
0.209,0,NA,NA,NA,NA,NA,NA,NA,NA,NA,NA,-0.401,0.017,0.122,0,0.419,0,0.209,0,11.7,0.1116,0.306730826621649,0.0034,0.00760263112349929
0.209,0,NA,NA,NA,NA,NA,NA,NA,NA,NA,NA,-0.349,0.017,0.052,0,0.332,0,0.297,0,11.75,0.1082,0.277526034814754,0.0034,0.00760263112349929
0.209,0,NA,NA,NA,NA,NA,NA,NA,NA,NA,NA,-0.279,0.017,-0.017,0,0.244,0,0.367,0,11.8,0.1048,0.255499902152623,0.0034,0.00760263112349929
NA,NA,NA,NA,NA,NA,NA,NA,NA,NA,NA,NA,-0.192,0.017,-0.087,0,0.157,0,0.419,0,NA,0.07425,0.272391109742346,0.00425,0.0085
NA,NA,NA,NA,NA,NA,NA,NA,NA,NA,NA,NA,-0.192,0.017,-0.087,0,0.157,0,0.419,0,11.85,0.07425,0.272391109742346,0.00425,0.0085
NA,NA,NA,NA,NA,NA,NA,NA,NA,NA,NA,NA,-0.105,0.017,-0.14,0,0.052,0,0.419,0,11.9,0.0565,0.255682746126262,0.00425,0.0085
NA,NA,NA,NA,NA,NA,NA,NA,NA,NA,NA,NA,-0.017,0.017,-0.192,0,-0.052,0,0.419,0,11.95,0.0395,0.26405618089086,0.00425,0.0085
NA,NA,NA,NA,NA,NA,NA,NA,NA,NA,NA,NA,0.052,0.017,-0.209,0,-0.14,0,0.367,0,12,0.0175,0.257842975471507,0.00425,0.0085
NA,NA,NA,NA,NA,NA,NA,NA,NA,NA,NA,NA,0.122,0.017,-0.209,0,-0.227,0,0.314,0,12.05,0,0.263748617689901,0.00425,0.0085
NA,NA,NA,NA,NA,NA,NA,NA,NA,NA,NA,NA,0.175,0.017,-0.209,0,-0.297,0,0.244,0,12.1,-0.02175,0.270898966406297,0.00425,0.0085
NA,NA,NA,NA,NA,NA,NA,NA,NA,NA,NA,NA,0.209,0.017,-0.192,0,-0.332,0,0.175,0,12.15,-0.035,0.268634820279625,0.00425,0.0085
NA,NA,NA,NA,NA,NA,NA,NA,NA,NA,NA,NA,0.227,0.017,-0.157,0,-0.367,0,0.105,0,12.2,-0.048,0.266255516374779,0.00425,0.0085
NA,NA,NA,NA,NA,NA,NA,NA,NA,NA,NA,NA,0.209,0.017,-0.122,0,-0.367,0,0.052,0,12.25,-0.057,0.246956136456119,0.00425,0.0085
NA,NA,NA,NA,NA,NA,NA,NA,NA,NA,NA,NA,0.192,0.017,-0.087,0,-0.349,0,-0.017,0,12.3,-0.06525,0.223228395744508,0.00425,0.0085
NA,NA,NA,NA,NA,NA,NA,NA,NA,NA,NA,NA,0.157,0.017,-0.052,0,-0.314,0,-0.07,0,12.35,-0.06975,0.192690382046778,0.00425,0.0085
NA,NA,NA,NA,NA,NA,NA,NA,NA,NA,NA,NA,0.122,0.017,-0.017,0,-0.279,0,-0.122,0,12.4,-0.074,0.169306428308752,0.00425,0.0085
NA,NA,NA,NA,NA,NA,NA,NA,NA,NA,NA,NA,0.087,0.017,0.017,0,-0.227,0,-0.157,0,12.45,-0.07,0.146556018868782,0.00425,0.0085
NA,NA,NA,NA,NA,NA,NA,NA,NA,NA,NA,NA,0.035,0.017,0.035,0,-0.175,0,-0.175,0,12.5,-0.07,0.121243556529821,0.00425,0.0085
NA,NA,NA,NA,NA,NA,NA,NA,NA,NA,NA,NA,0.017,0.017,0.052,0,-0.105,0,-0.175,0,12.55,-0.05275,0.105692557290789,0.00425,0.0085
NA,NA,NA,NA,NA,NA,NA,NA,NA,NA,NA,NA,-0.017,0.017,0.052,0,-0.035,0,-0.157,0,12.6,-0.03925,0.0869956895483908,0.00425,0.0085
NA,NA,NA,NA,NA,NA,NA,NA,NA,NA,NA,NA,-0.035,0.017,0.052,0,0.017,0,-0.14,0,12.65,-0.0265,0.083683929162056,0.00425,0.0085
NA,NA,NA,NA,NA,NA,NA,NA,NA,NA,NA,NA,-0.035,0.017,0.052,0,0.07,0,-0.122,0,12.7,-0.00875,0.0883303458614309,0.00425,0.0085
NA,NA,NA,NA,NA,NA,NA,NA,NA,NA,NA,NA,-0.035,0.017,0.035,0,0.105,0,-0.087,0,12.75,0.0045,0.0835922643948988,0.00425,0.0085
NA,NA,NA,NA,NA,NA,NA,NA,NA,NA,NA,NA,-0.035,0.017,0,0,0.122,0,-0.035,0,12.8,0.013,0.0745162174742295,0.00425,0.0085
NA,NA,NA,NA,NA,NA,NA,NA,NA,NA,NA,NA,-0.035,0.017,-0.017,0,0.14,0,0,0,12.85,0.022,0.079954153529799,0.00425,0.0085
NA,NA,NA,NA,NA,NA,NA,NA,NA,NA,NA,NA,-0.017,0.017,-0.035,0,0.122,0,0.035,0,12.9,0.02625,0.070395904236918,0.00425,0.0085
NA,NA,NA,NA,NA,NA,NA,NA,NA,NA,NA,NA,-0.017,0.017,-0.052,0,0.105,0,0.052,0,12.95,0.022,0.0702044632959092,0.00425,0.0085
NA,NA,NA,NA,NA,NA,NA,NA,NA,NA,NA,NA,0,0.017,-0.07,0,0.087,0,0.07,0,13,0.02175,0.0718255989649002,0.00425,0.0085
NA,NA,NA,NA,NA,NA,NA,NA,NA,NA,NA,NA,0,0.017,-0.07,0,0.052,0,0.07,0,13.05,0.013,0.0627906574791717,0.00425,0.0085
NA,NA,NA,NA,NA,NA,NA,NA,NA,NA,NA,NA,0.017,0.017,-0.07,0,0.035,0,0.052,0,13.1,0.0085,0.0542494239600754,0.00425,0.0085
NA,NA,NA,NA,NA,NA,NA,NA,NA,NA,NA,NA,0.017,0.017,-0.07,0,0,0,0.052,0,13.15,-0.000250000000000002,0.0512924620842738,0.00425,0.0085
NA,NA,NA,NA,NA,NA,NA,NA,NA,NA,NA,NA,0.017,0.017,-0.052,0,-0.017,0,0.035,0,13.2,-0.00425,0.0384480168539289,0.00425,0.0085
NA,NA,NA,NA,NA,NA,NA,NA,NA,NA,NA,NA,0.017,0.017,-0.052,0,-0.035,0,0.017,0,13.25,-0.01325,0.0356124978062477,0.00425,0.0085
NA,NA,NA,NA,NA,NA,NA,NA,NA,NA,NA,NA,0.017,0.017,-0.035,0,-0.052,0,0.017,0,13.3,-0.01325,0.0356124978062477,0.00425,0.0085
NA,NA,NA,NA,NA,NA,NA,NA,NA,NA,NA,NA,0.017,0.017,-0.035,0,-0.07,0,0,0,13.35,-0.022,0.038635044540762,0.00425,0.0085
NA,NA,NA,NA,NA,NA,NA,NA,NA,NA,NA,NA,0,0.017,-0.017,0,-0.07,0,0,0,13.4,-0.02175,0.0331499120159717,0.00425,0.0085
NA,NA,NA,NA,NA,NA,NA,NA,NA,NA,NA,NA,0,0.017,-0.017,0,-0.07,0,0,0,13.45,-0.02175,0.0331499120159717,0.00425,0.0085
NA,NA,NA,NA,NA,NA,NA,NA,NA,NA,NA,NA,0,0.017,-0.017,0,-0.052,0,0,0,13.5,-0.01725,0.0245136016665578,0.00425,0.0085
NA,NA,NA,NA,NA,NA,NA,NA,NA,NA,NA,NA,0,0.017,-0.017,0,-0.035,0,0,0,13.55,-0.013,0.0167132681822956,0.00425,0.0085
NA,NA,NA,NA,NA,NA,NA,NA,NA,NA,NA,NA,0,0.017,-0.017,0,-0.035,0,0,0,13.6,-0.013,0.0167132681822956,0.00425,0.0085
NA,NA,NA,NA,NA,NA,NA,NA,NA,NA,NA,NA,0,0.017,-0.017,0,-0.017,0,0,0,13.65,-0.0085,0.00981495457622364,0.00425,0.0085
NA,NA,NA,NA,NA,NA,NA,NA,NA,NA,NA,NA,0,0.017,-0.017,0,0,0,0,0,13.7,-0.00425,0.0085,0.00425,0.0085
NA,NA,NA,NA,NA,NA,NA,NA,NA,NA,NA,NA,0,0.017,-0.017,0,0.017,0,0.017,0,13.75,0.00425,0.0162762608318578,0.00425,0.0085
NA,NA,NA,NA,NA,NA,NA,NA,NA,NA,NA,NA,0,0.017,-0.035,0,0.035,0,0.017,0,13.8,0.00425,0.0298147055438531,0.00425,0.0085
NA,NA,NA,NA,NA,NA,NA,NA,NA,NA,NA,NA,0,0.017,-0.035,0,0.035,0,0.017,0,13.85,0.00425,0.0298147055438531,0.00425,0.0085
NA,NA,NA,NA,NA,NA,NA,NA,NA,NA,NA,NA,NA,NA,-0.035,0,0.035,0,0.017,0,13.9,0.00566666666666667,0.0363501490139082,0,0
NA,NA,NA,NA,NA,NA,NA,NA,NA,NA,NA,NA,NA,NA,-0.035,0,0.035,0,0.017,0,13.95,0.00566666666666667,0.0363501490139082,0,0
NA,NA,NA,NA,NA,NA,NA,NA,NA,NA,NA,NA,NA,NA,-0.035,0,0.035,0,0.017,0,14,0.00566666666666667,0.0363501490139082,0,0
NA,NA,NA,NA,NA,NA,NA,NA,NA,NA,NA,NA,NA,NA,-0.035,0,0.017,0,0.017,0,14.05,-0.000333333333333334,0.0300222139978605,0,0
NA,NA,NA,NA,NA,NA,NA,NA,NA,NA,NA,NA,NA,NA,-0.035,0,0.017,0,0.017,0,14.1,-0.000333333333333334,0.0300222139978605,0,0
NA,NA,NA,NA,NA,NA,NA,NA,NA,NA,NA,NA,NA,NA,NA,NA,0,0,0.017,0,14.15,0.0085,0.0120208152801713,0,0
NA,NA,NA,NA,NA,NA,NA,NA,NA,NA,NA,NA,NA,NA,NA,NA,0,0,0.017,0,14.2,0.0085,0.0120208152801713,0,0
NA,NA,NA,NA,NA,NA,NA,NA,NA,NA,NA,NA,NA,NA,NA,NA,0,0,0.017,0,14.25,0.0085,0.0120208152801713,0,0
NA,NA,NA,NA,NA,NA,NA,NA,NA,NA,NA,NA,NA,NA,NA,NA,-0.017,0,0.017,0,14.3,0,0.0240416305603426,0,0
NA,NA,NA,NA,NA,NA,NA,NA,NA,NA,NA,NA,NA,NA,NA,NA,-0.017,0,0,0,14.35,-0.0085,0.0120208152801713,0,0
NA,NA,NA,NA,NA,NA,NA,NA,NA,NA,NA,NA,NA,NA,NA,NA,-0.017,0,0,0,14.4,-0.0085,0.0120208152801713,0,0
NA,NA,NA,NA,NA,NA,NA,NA,NA,NA,NA,NA,NA,NA,NA,NA,-0.017,0,0,0,14.45,-0.0085,0.0120208152801713,0,0
NA,NA,NA,NA,NA,NA,NA,NA,NA,NA,NA,NA,NA,NA,NA,NA,0,0,0,0,14.5,0,0,0,0
NA,NA,NA,NA,NA,NA,NA,NA,NA,NA,NA,NA,NA,NA,NA,NA,0,0,NA,NA,14.55,0,NA,0,NA
NA,NA,NA,NA,NA,NA,NA,NA,NA,NA,NA,NA,NA,NA,NA,NA,0,0,NA,NA,14.6,0,NA,0,NA
NA,NA,NA,NA,NA,NA,NA,NA,NA,NA,NA,NA,NA,NA,NA,NA,0,0,NA,NA,14.65,0,NA,0,NA
NA,NA,NA,NA,NA,NA,NA,NA,NA,NA,NA,NA,NA,NA,NA,NA,0.017,0,NA,NA,14.7,0.017,NA,0,NA
NA,NA,NA,NA,NA,NA,NA,NA,NA,NA,NA,NA,NA,NA,NA,NA,0.017,0,NA,NA,14.75,0.017,NA,0,NA
NA,NA,NA,NA,NA,NA,NA,NA,NA,NA,NA,NA,NA,NA,NA,NA,0.017,0,NA,NA,14.8,0.017,NA,0,NA
NA,NA,NA,NA,NA,NA,NA,NA,NA,NA,NA,NA,NA,NA,NA,NA,0,0,NA,NA,14.85,0,NA,0,NA
NA,NA,NA,NA,NA,NA,NA,NA,NA,NA,NA,NA,NA,NA,NA,NA,0,0,NA,NA,14.9,0,NA,0,NA
